{"cameraMode":{"drawMode":0,"name":"Shaded","section":"Shading Mode"},"sceneLighting":true,"audioPlay":false,"sceneViewState":{"m_AlwaysRefresh":false,"showFog":true,"showSkybox":true,"showFlares":true,"showImageEffects":true,"showParticleSystems":true,"showVisualEffectGraphs":true,"m_FxEnabled":true},"in2DMode":false,"pivot":{"x":1.046391487121582,"y":4.662553787231445,"z":-1.48844575881958},"rotation":{"x":0.1583258956670761,"y":0.007405308075249195,"z":-0.0011874951887875796,"w":0.9873552918434143},"size":4.180589199066162,"orthographic":false}